<?xml version="1.0" encoding="utf-8"?>
<Project DefaultTargets="Build" ToolsVersion="15.0" xmlns="http://schemas.microsoft.com/developer/msbuild/2003">
  <ItemGroup Label="ProjectConfigurations">
    <ProjectConfiguration Include="Debug|x64">
      <Configuration>Debug</Configuration>
      <Platform>x64</Platform>
    </ProjectConfiguration>
    <ProjectConfiguration Include="ReleaseSM30|x64">
      <Configuration>ReleaseSM30</Configuration>
      <Platform>x64</Platform>
    </ProjectConfiguration>
    <ProjectConfiguration Include="Release|x64">
      <Configuration>Release</Configuration>
      <Platform>x64</Platform>
    </ProjectConfiguration>
  </ItemGroup>
  <ItemGroup>
    <ClInclude Include="..\Constants.h" />
    <ClInclude Include="..\GPU\GPUCompute.h" />
    <ClInclude Include="..\GPU\GPUEngine.h" />
    <ClInclude Include="..\GPU\GPUMath.h" />
    <ClInclude Include="..\HashTable.h" />
    <ClInclude Include="..\SECPK1\Int.h" />
    <ClInclude Include="..\SECPK1\IntGroup.h" />
    <ClInclude Include="..\SECPK1\Point.h" />
    <ClInclude Include="..\SECPK1\Random.h" />
    <ClInclude Include="..\SECPK1\SECP256k1.h" />
    <ClInclude Include="..\Timer.h" />
    <ClInclude Include="..\Kangaroo.h" />
    <ClInclude Include="..\WindowsErrors.h" />
  </ItemGroup>
  <ItemGroup>
    <ClCompile Include="..\Backup.cpp" />
    <ClCompile Include="..\Check.cpp" />
    <ClCompile Include="..\HashTable.cpp" />
    <ClCompile Include="..\Network.cpp" />
    <ClCompile Include="..\SECPK1\Int.cpp" />
    <ClCompile Include="..\SECPK1\IntGroup.cpp" />
    <ClCompile Include="..\SECPK1\IntMod.cpp" />
    <ClCompile Include="..\main.cpp" />
    <ClCompile Include="..\SECPK1\Point.cpp" />
    <ClCompile Include="..\SECPK1\Random.cpp" />
    <ClCompile Include="..\SECPK1\SECP256K1.cpp" />
    <ClCompile Include="..\Thread.cpp" />
    <ClCompile Include="..\Timer.cpp" />
    <ClCompile Include="..\Kangaroo.cpp" />
  </ItemGroup>
  <ItemGroup>
    <CudaCompile Include="..\GPU\GPUEngine.cu">
      <CodeGeneration Condition="'$(Configuration)|$(Platform)'=='Debug|x64'">compute_30,sm_30</CodeGeneration>
      <CodeGeneration Condition="'$(Configuration)|$(Platform)'=='Release|x64'">compute_30,sm_30;compute_35,sm_35;compute_37,sm_37;compute_50,sm_50;compute_52,sm_52;compute_60,sm_60;compute_61,sm_61;compute_70,sm_70;compute_75,sm_75;</CodeGeneration>
      <CodeGeneration Condition="'$(Configuration)|$(Platform)'=='ReleaseSM30|x64'">compute_61,sm_61</CodeGeneration>
      <PtxAsOptionV Condition="'$(Configuration)|$(Platform)'=='Release|x64'">true</PtxAsOptionV>
      <PtxAsOptionV Condition="'$(Configuration)|$(Platform)'=='ReleaseSM30|x64'">true</PtxAsOptionV>
      <NvccCompilation Condition="'$(Configuration)|$(Platform)'=='ReleaseSM30|x64'">compile</NvccCompilation>
      <AdditionalCompilerOptions Condition="'$(Configuration)|$(Platform)'=='ReleaseSM30|x64'">
      </AdditionalCompilerOptions>
    </CudaCompile>
  </ItemGroup>
  <PropertyGroup Label="Globals">
    <ProjectGuid>{9EA67A77-3F50-4FCE-85B9-FAB635FEFB0A}</ProjectGuid>
    <RootNamespace>VanitySearch</RootNamespace>
    <WindowsTargetPlatformVersion>10.0.17763.0</WindowsTargetPlatformVersion>
  </PropertyGroup>
  <Import Project="$(VCTargetsPath)\Microsoft.Cpp.Default.props" />
  <PropertyGroup Condition="'$(Configuration)|$(Platform)'=='Debug|x64'" Label="Configuration">
    <ConfigurationType>Application</ConfigurationType>
    <UseDebugLibraries>true</UseDebugLibraries>
    <CharacterSet>MultiByte</CharacterSet>
    <PlatformToolset>v141</PlatformToolset>
  </PropertyGroup>
  <PropertyGroup Condition="'$(Configuration)|$(Platform)'=='Release|x64'" Label="Configuration">
    <ConfigurationType>Application</ConfigurationType>
    <UseDebugLibraries>false</UseDebugLibraries>
    <WholeProgramOptimization>true</WholeProgramOptimization>
    <CharacterSet>MultiByte</CharacterSet>
    <PlatformToolset>v141</PlatformToolset>
  </PropertyGroup>
  <PropertyGroup Condition="'$(Configuration)|$(Platform)'=='ReleaseSM30|x64'" Label="Configuration">
    <ConfigurationType>Application</ConfigurationType>
    <UseDebugLibraries>false</UseDebugLibraries>
    <WholeProgramOptimization>true</WholeProgramOptimization>
    <CharacterSet>MultiByte</CharacterSet>
    <PlatformToolset>v141</PlatformToolset>
  </PropertyGroup>
  <Import Project="$(VCTargetsPath)\Microsoft.Cpp.props" />
  <ImportGroup Label="ExtensionSettings">
    <Import Project="$(VCTargetsPath)\BuildCustomizations\CUDA 10.0.props" />
  </ImportGroup>
  <ImportGroup Label="PropertySheets" Condition="'$(Configuration)|$(Platform)'=='Debug|x64'">
    <Import Project="$(UserRootDir)\Microsoft.Cpp.$(Platform).user.props" Condition="exists('$(UserRootDir)\Microsoft.Cpp.$(Platform).user.props')" Label="LocalAppDataPlatform" />
  </ImportGroup>
  <ImportGroup Label="PropertySheets" Condition="'$(Configuration)|$(Platform)'=='Release|x64'">
    <Import Project="$(UserRootDir)\Microsoft.Cpp.$(Platform).user.props" Condition="exists('$(UserRootDir)\Microsoft.Cpp.$(Platform).user.props')" Label="LocalAppDataPlatform" />
  </ImportGroup>
  <ImportGroup Condition="'$(Configuration)|$(Platform)'=='ReleaseSM30|x64'" Label="PropertySheets">
    <Import Project="$(UserRootDir)\Microsoft.Cpp.$(Platform).user.props" Condition="exists('$(UserRootDir)\Microsoft.Cpp.$(Platform).user.props')" Label="LocalAppDataPlatform" />
  </ImportGroup>
  <PropertyGroup Label="UserMacros" />
  <PropertyGroup Condition="'$(Configuration)|$(Platform)'=='Debug|x64'">
    <LinkIncremental>true</LinkIncremental>
  </PropertyGroup>
  <ItemDefinitionGroup Condition="'$(Configuration)|$(Platform)'=='Debug|x64'">
    <ClCompile>
      <WarningLevel>Level3</WarningLevel>
      <Optimization>Disabled</Optimization>
      <PreprocessorDefinitions>WITHGPU;_CRT_SECURE_NO_WARNINGS;WIN32;WIN64;_DEBUG;_CONSOLE;%(PreprocessorDefinitions)</PreprocessorDefinitions>
    </ClCompile>
    <Link>
      <GenerateDebugInformation>true</GenerateDebugInformation>
      <SubSystem>Console</SubSystem>
      <AdditionalDependencies>cudart_static.lib;kernel32.lib;user32.lib;gdi32.lib;winspool.lib;comdlg32.lib;advapi32.lib;shell32.lib;ole32.lib;oleaut32.lib;uuid.lib;odbc32.lib;odbccp32.lib;ws2_32.lib;%(AdditionalDependencies)</AdditionalDependencies>
    </Link>
    <CudaCompile>
      <TargetMachinePlatform>64</TargetMachinePlatform>
    </CudaCompile>
  </ItemDefinitionGroup>
  <ItemDefinitionGroup Condition="'$(Configuration)|$(Platform)'=='Release|x64'">
    <ClCompile>
      <WarningLevel>Level3</WarningLevel>
      <Optimization>MaxSpeed</Optimization>
      <FunctionLevelLinking>true</FunctionLevelLinking>
      <IntrinsicFunctions>true</IntrinsicFunctions>
      <PreprocessorDefinitions>WITHGPU;_CRT_SECURE_NO_WARNINGS;WIN32;WIN64;NDEBUG;_CONSOLE;%(PreprocessorDefinitions)</PreprocessorDefinitions>
      <InlineFunctionExpansion>AnySuitable</InlineFunctionExpansion>
      <FavorSizeOrSpeed>Speed</FavorSizeOrSpeed>
    </ClCompile>
    <Link>
      <GenerateDebugInformation>true</GenerateDebugInformation>
      <EnableCOMDATFolding>true</EnableCOMDATFolding>
      <OptimizeReferences>true</OptimizeReferences>
      <SubSystem>Console</SubSystem>
      <AdditionalDependencies>cudart_static.lib;kernel32.lib;user32.lib;ws2_32.lib;gdi32.lib;winspool.lib;comdlg32.lib;advapi32.lib;shell32.lib;ole32.lib;oleaut32.lib;uuid.lib;odbc32.lib;odbccp32.lib;%(AdditionalDependencies)</AdditionalDependencies>
    </Link>
    <CudaCompile>
      <TargetMachinePlatform>64</TargetMachinePlatform>
    </CudaCompile>
  </ItemDefinitionGroup>
  <ItemDefinitionGroup Condition="'$(Configuration)|$(Platform)'=='ReleaseSM30|x64'">
    <ClCompile>
      <WarningLevel>Level3</WarningLevel>
      <Optimization>MaxSpeed</Optimization>
      <FunctionLevelLinking>true</FunctionLevelLinking>
      <IntrinsicFunctions>true</IntrinsicFunctions>
      <PreprocessorDefinitions>WITHGPU;_CRT_SECURE_NO_WARNINGS;WIN32;WIN64;NDEBUG;_CONSOLE;%(PreprocessorDefinitions)</PreprocessorDefinitions>
      <EnableEnhancedInstructionSet>StreamingSIMDExtensions2</EnableEnhancedInstructionSet>
    </ClCompile>
    <Link>
      <GenerateDebugInformation>true</GenerateDebugInformation>
      <EnableCOMDATFolding>true</EnableCOMDATFolding>
      <OptimizeReferences>true</OptimizeReferences>
      <SubSystem>Console</SubSystem>
      <AdditionalDependencies>cudart_static.lib;kernel32.lib;user32.lib;gdi32.lib;winspool.lib;comdlg32.lib;advapi32.lib;shell32.lib;ole32.lib;oleaut32.lib;uuid.lib;odbc32.lib;odbccp32.lib;%(AdditionalDependencies)</AdditionalDependencies>
    </Link>
    <CudaCompile>
      <TargetMachinePlatform>64</TargetMachinePlatform>
    </CudaCompile>
  </ItemDefinitionGroup>
  <Import Project="$(VCTargetsPath)\Microsoft.Cpp.targets" />
  <ImportGroup Label="ExtensionTargets">
    <Import Project="$(VCTargetsPath)\BuildCustomizations\CUDA 10.0.targets" />
  </ImportGroup>
</Project>